KCMC;200 300 1;300 50 100;198944853;END | (K3M3)
KCMC;200 300 1;300 50 100;198998383;END | (K3M3)
KCMC;200 300 1;300 50 100;199065294;END | (K3M3)
KCMC;200 300 1;300 50 100;199110699;END | (K3M3)
KCMC;200 300 1;300 50 100;199177897;END | (K3M3)
KCMC;200 300 1;300 50 100;199178955;END | (K3M3)
KCMC;200 300 1;300 50 100;199249442;END | (K3M3)
KCMC;200 300 1;300 50 100;199282513;END | (K3M3)
KCMC;200 300 1;300 50 100;199373370;END | (K3M3)
KCMC;200 300 1;300 50 100;199374979;END | (K3M3)
KCMC;200 300 1;300 50 100;207188015;END | (K3M1)
KCMC;200 300 1;300 50 100;207230886;END | (K3M1)
KCMC;200 300 1;300 50 100;207264989;END | (K3M1)
KCMC;200 300 1;300 50 100;207338726;END | (K3M1)
KCMC;200 300 1;300 50 100;207406936;END | (K3M1)
KCMC;200 300 1;300 50 100;207491515;END | (K3M1)
KCMC;200 300 1;300 50 100;207525938;END | (K3M1)
KCMC;200 300 1;300 50 100;207612016;END | (K3M1)
KCMC;200 300 1;300 50 100;207622705;END | (K3M1)
KCMC;200 300 1;300 50 100;207677468;END | (K3M1)
KCMC;100 500 1;300 50 100;190403927;END | (K2M1)
KCMC;100 500 1;300 50 100;190407403;END | (K2M1)
KCMC;100 500 1;300 50 100;190470557;END | (K2M1)
KCMC;100 500 1;300 50 100;190472518;END | (K2M1)
KCMC;100 500 1;300 50 100;190477461;END | (K2M1)
KCMC;100 500 1;300 50 100;190519675;END | (K2M1)
KCMC;100 500 1;300 50 100;190542744;END | (K2M1)
KCMC;100 500 1;300 50 100;190609482;END | (K2M1)
KCMC;100 500 1;300 50 100;190685068;END | (K2M1)
KCMC;100 500 1;300 50 100;190755974;END | (K2M1)
KCMC;100 500 1;300 50 100;131913252;END | (K2M2)
KCMC;100 500 1;300 50 100;131990772;END | (K2M2)
KCMC;100 500 1;300 50 100;132001850;END | (K2M2)
KCMC;100 500 1;300 50 100;132064604;END | (K2M2)
KCMC;100 500 1;300 50 100;132153511;END | (K2M2)
KCMC;100 500 1;300 50 100;132219122;END | (K2M2)
KCMC;100 500 1;300 50 100;132299308;END | (K2M2)
KCMC;100 500 1;300 50 100;132314122;END | (K2M2)
KCMC;100 500 1;300 50 100;132360228;END | (K2M2)
KCMC;100 500 1;300 50 100;132401325;END | (K2M2)
KCMC;200 300 1;300 50 100;212297395;END | (K3M2)
KCMC;200 300 1;300 50 100;212337515;END | (K3M2)
KCMC;200 300 1;300 50 100;212406993;END | (K3M2)
KCMC;200 300 1;300 50 100;212466312;END | (K3M2)
KCMC;200 300 1;300 50 100;212503944;END | (K3M2)
KCMC;200 300 1;300 50 100;212539376;END | (K3M2)
KCMC;200 300 1;300 50 100;212552400;END | (K3M2)
KCMC;200 300 1;300 50 100;212600786;END | (K3M2)
KCMC;200 300 1;300 50 100;212669526;END | (K3M2)
KCMC;200 300 1;300 50 100;212709165;END | (K3M2)
KCMC;200 500 1;300 50 100;171998089;END | (K2M1)
KCMC;200 500 1;300 50 100;172071077;END | (K2M1)
KCMC;200 500 1;300 50 100;172160432;END | (K2M1)
KCMC;200 500 1;300 50 100;172195154;END | (K2M1)
KCMC;200 500 1;300 50 100;172210942;END | (K2M1)
KCMC;200 500 1;300 50 100;172288181;END | (K2M1)
KCMC;200 500 1;300 50 100;172369000;END | (K2M1)
KCMC;200 500 1;300 50 100;172413290;END | (K2M1)
KCMC;200 500 1;300 50 100;172465164;END | (K2M1)
KCMC;200 500 1;300 50 100;172511141;END | (K2M1)
KCMC;200 500 1;300 50 100;189227387;END | (K1M1)
KCMC;200 500 1;300 50 100;189274737;END | (K1M1)
KCMC;200 500 1;300 50 100;189283715;END | (K1M1)
KCMC;200 500 1;300 50 100;189351647;END | (K1M1)
KCMC;200 500 1;300 50 100;189396423;END | (K1M1)
KCMC;200 500 1;300 50 100;189468284;END | (K1M1)
KCMC;200 500 1;300 50 100;189499243;END | (K1M1)
KCMC;200 500 1;300 50 100;189551868;END | (K1M1)
KCMC;200 500 1;300 50 100;189577972;END | (K1M1)
KCMC;200 500 1;300 50 100;189623622;END | (K1M1)
KCMC;100 300 1;300 50 100;233795453;END | (K3M3)
KCMC;100 300 1;300 50 100;233825924;END | (K3M3)
KCMC;100 300 1;300 50 100;233906080;END | (K3M3)
KCMC;100 300 1;300 50 100;233983393;END | (K3M3)
KCMC;100 300 1;300 50 100;234052041;END | (K3M3)
KCMC;100 300 1;300 50 100;234072769;END | (K3M3)
KCMC;100 300 1;300 50 100;234163496;END | (K3M3)
KCMC;100 300 1;300 50 100;234231688;END | (K3M3)
KCMC;100 300 1;300 50 100;234326296;END | (K3M3)
KCMC;100 300 1;300 50 100;234327143;END | (K3M3)
KCMC;200 500 1;300 50 100;252647132;END | (K2M2)
KCMC;200 500 1;300 50 100;252700374;END | (K2M2)
KCMC;200 500 1;300 50 100;252786482;END | (K2M2)
KCMC;200 500 1;300 50 100;252793275;END | (K2M2)
KCMC;200 500 1;300 50 100;252883336;END | (K2M2)
KCMC;200 500 1;300 50 100;252947909;END | (K2M2)
KCMC;200 500 1;300 50 100;252983250;END | (K2M2)
KCMC;200 500 1;300 50 100;253025769;END | (K2M2)
KCMC;200 500 1;300 50 100;253120936;END | (K2M2)
KCMC;200 500 1;300 50 100;253192087;END | (K2M2)
KCMC;100 300 1;300 50 100;128645717;END | (K1M1)
KCMC;100 300 1;300 50 100;128654515;END | (K1M1)
KCMC;100 300 1;300 50 100;128659297;END | (K1M1)
KCMC;100 300 1;300 50 100;128667402;END | (K1M1)
KCMC;100 300 1;300 50 100;128759160;END | (K1M1)
KCMC;100 300 1;300 50 100;128807686;END | (K1M1)
KCMC;100 300 1;300 50 100;128892986;END | (K1M1)
KCMC;100 300 1;300 50 100;128950847;END | (K1M1)
KCMC;100 300 1;300 50 100;129031925;END | (K1M1)
KCMC;100 300 1;300 50 100;129053387;END | (K1M1)
KCMC;200 500 1;300 50 100;160615510;END | (K3M1)
KCMC;200 500 1;300 50 100;160691891;END | (K3M1)
KCMC;200 500 1;300 50 100;160775414;END | (K3M1)
KCMC;200 500 1;300 50 100;160794580;END | (K3M1)
KCMC;200 500 1;300 50 100;160854736;END | (K3M1)
KCMC;200 500 1;300 50 100;160933866;END | (K3M1)
KCMC;200 500 1;300 50 100;160986723;END | (K3M1)
KCMC;200 500 1;300 50 100;161002905;END | (K3M1)
KCMC;200 500 1;300 50 100;161049672;END | (K3M1)
KCMC;200 500 1;300 50 100;161062804;END | (K3M1)
KCMC;200 500 1;300 50 100;208749498;END | (K3M2)
KCMC;200 500 1;300 50 100;208782553;END | (K3M2)
KCMC;200 500 1;300 50 100;208831950;END | (K3M2)
KCMC;200 500 1;300 50 100;208892857;END | (K3M2)
KCMC;200 500 1;300 50 100;208959732;END | (K3M2)
KCMC;200 500 1;300 50 100;208991227;END | (K3M2)
KCMC;200 500 1;300 50 100;209086233;END | (K3M2)
KCMC;200 500 1;300 50 100;209129296;END | (K3M2)
KCMC;200 500 1;300 50 100;209221451;END | (K3M2)
KCMC;200 500 1;300 50 100;209266313;END | (K3M2)
KCMC;100 100 1;300 50 100;248522944;END | (K2M1)
KCMC;100 100 1;300 50 100;248616491;END | (K2M1)
KCMC;100 100 1;300 50 100;248663412;END | (K2M1)
KCMC;100 100 1;300 50 100;248666050;END | (K2M1)
KCMC;100 100 1;300 50 100;248691656;END | (K2M1)
KCMC;100 100 1;300 50 100;248715678;END | (K2M1)
KCMC;100 100 1;300 50 100;248726042;END | (K2M1)
KCMC;100 100 1;300 50 100;248823675;END | (K2M1)
KCMC;100 100 1;300 50 100;248878992;END | (K2M1)
KCMC;100 100 1;300 50 100;248897387;END | (K2M1)
KCMC;200 100 1;300 50 100;160929767;END | (K2M1)
KCMC;200 100 1;300 50 100;160953507;END | (K2M1)
KCMC;200 100 1;300 50 100;160981795;END | (K2M1)
KCMC;200 100 1;300 50 100;160992096;END | (K2M1)
KCMC;200 100 1;300 50 100;161009762;END | (K2M1)
KCMC;200 100 1;300 50 100;161094590;END | (K2M1)
KCMC;200 100 1;300 50 100;161147468;END | (K2M1)
KCMC;200 100 1;300 50 100;161164356;END | (K2M1)
KCMC;200 100 1;300 50 100;161260871;END | (K2M1)
KCMC;200 100 1;300 50 100;161349861;END | (K2M1)
KCMC;200 100 1;300 50 100;225953626;END | (K3M3)
KCMC;200 100 1;300 50 100;225960691;END | (K3M3)
KCMC;200 100 1;300 50 100;226010987;END | (K3M3)
KCMC;200 100 1;300 50 100;226038539;END | (K3M3)
KCMC;200 100 1;300 50 100;226102486;END | (K3M3)
KCMC;200 100 1;300 50 100;226193980;END | (K3M3)
KCMC;200 100 1;300 50 100;226233860;END | (K3M3)
KCMC;200 100 1;300 50 100;226328755;END | (K3M3)
KCMC;200 100 1;300 50 100;226332296;END | (K3M3)
KCMC;200 100 1;300 50 100;226415398;END | (K3M3)
KCMC;200 100 1;300 50 100;175177209;END | (K3M2)
KCMC;200 100 1;300 50 100;175199288;END | (K3M2)
KCMC;200 100 1;300 50 100;175214992;END | (K3M2)
KCMC;200 100 1;300 50 100;175262782;END | (K3M2)
KCMC;200 100 1;300 50 100;175310901;END | (K3M2)
KCMC;200 100 1;300 50 100;175353373;END | (K3M2)
KCMC;200 100 1;300 50 100;175443958;END | (K3M2)
KCMC;200 100 1;300 50 100;175510008;END | (K3M2)
KCMC;200 100 1;300 50 100;175532000;END | (K3M2)
KCMC;200 100 1;300 50 100;175585298;END | (K3M2)
KCMC;100 300 1;300 50 100;200324450;END | (K2M1)
KCMC;100 300 1;300 50 100;200335737;END | (K2M1)
KCMC;100 300 1;300 50 100;200410594;END | (K2M1)
KCMC;100 300 1;300 50 100;200484932;END | (K2M1)
KCMC;100 300 1;300 50 100;200492334;END | (K2M1)
KCMC;100 300 1;300 50 100;200506429;END | (K2M1)
KCMC;100 300 1;300 50 100;200509870;END | (K2M1)
KCMC;100 300 1;300 50 100;200529070;END | (K2M1)
KCMC;100 300 1;300 50 100;200601571;END | (K2M1)
KCMC;100 300 1;300 50 100;200637081;END | (K2M1)
KCMC;200 100 1;300 50 100;190933770;END | (K3M1)
KCMC;200 100 1;300 50 100;190953960;END | (K3M1)
KCMC;200 100 1;300 50 100;190967380;END | (K3M1)
KCMC;200 100 1;300 50 100;190973111;END | (K3M1)
KCMC;200 100 1;300 50 100;191046718;END | (K3M1)
KCMC;200 100 1;300 50 100;191098276;END | (K3M1)
KCMC;200 100 1;300 50 100;191192895;END | (K3M1)
KCMC;200 100 1;300 50 100;191292883;END | (K3M1)
KCMC;200 100 1;300 50 100;191338750;END | (K3M1)
KCMC;200 100 1;300 50 100;191350540;END | (K3M1)
KCMC;100 100 1;300 50 100;218429219;END | (K3M2)
KCMC;100 100 1;300 50 100;218474877;END | (K3M2)
KCMC;100 100 1;300 50 100;218529956;END | (K3M2)
KCMC;100 100 1;300 50 100;218557000;END | (K3M2)
KCMC;100 100 1;300 50 100;218656031;END | (K3M2)
KCMC;100 100 1;300 50 100;218660097;END | (K3M2)
KCMC;100 100 1;300 50 100;218753647;END | (K3M2)
KCMC;100 100 1;300 50 100;218793062;END | (K3M2)
KCMC;100 100 1;300 50 100;218817047;END | (K3M2)
KCMC;100 100 1;300 50 100;218872461;END | (K3M2)
KCMC;100 500 1;300 50 100;117523448;END | (K3M3)
KCMC;100 500 1;300 50 100;117614146;END | (K3M3)
KCMC;100 500 1;300 50 100;117636494;END | (K3M3)
KCMC;100 500 1;300 50 100;117699120;END | (K3M3)
KCMC;100 500 1;300 50 100;117718484;END | (K3M3)
KCMC;100 500 1;300 50 100;117800982;END | (K3M3)
KCMC;100 500 1;300 50 100;117848822;END | (K3M3)
KCMC;100 500 1;300 50 100;117855340;END | (K3M3)
KCMC;100 500 1;300 50 100;117953819;END | (K3M3)
KCMC;100 500 1;300 50 100;118029824;END | (K3M3)
KCMC;200 300 1;300 50 100;165315994;END | (K2M2)
KCMC;200 300 1;300 50 100;165341145;END | (K2M2)
KCMC;200 300 1;300 50 100;165366659;END | (K2M2)
KCMC;200 300 1;300 50 100;165382373;END | (K2M2)
KCMC;200 300 1;300 50 100;165461289;END | (K2M2)
KCMC;200 300 1;300 50 100;165503312;END | (K2M2)
KCMC;200 300 1;300 50 100;165573737;END | (K2M2)
KCMC;200 300 1;300 50 100;165606769;END | (K2M2)
KCMC;200 300 1;300 50 100;165664846;END | (K2M2)
KCMC;200 300 1;300 50 100;165666364;END | (K2M2)
KCMC;100 300 1;300 50 100;225766160;END | (K3M2)
KCMC;100 300 1;300 50 100;225778476;END | (K3M2)
KCMC;100 300 1;300 50 100;225789157;END | (K3M2)
KCMC;100 300 1;300 50 100;225836125;END | (K3M2)
KCMC;100 300 1;300 50 100;225882803;END | (K3M2)
KCMC;100 300 1;300 50 100;225978531;END | (K3M2)
KCMC;100 300 1;300 50 100;226058704;END | (K3M2)
KCMC;100 300 1;300 50 100;226076916;END | (K3M2)
KCMC;100 300 1;300 50 100;226083065;END | (K3M2)
KCMC;100 300 1;300 50 100;226091717;END | (K3M2)
KCMC;100 300 1;300 50 100;193044000;END | (K2M2)
KCMC;100 300 1;300 50 100;193050315;END | (K2M2)
KCMC;100 300 1;300 50 100;193125593;END | (K2M2)
KCMC;100 300 1;300 50 100;193183578;END | (K2M2)
KCMC;100 300 1;300 50 100;193211603;END | (K2M2)
KCMC;100 300 1;300 50 100;193216058;END | (K2M2)
KCMC;100 300 1;300 50 100;193238966;END | (K2M2)
KCMC;100 300 1;300 50 100;193278978;END | (K2M2)
KCMC;100 300 1;300 50 100;193286502;END | (K2M2)
KCMC;100 300 1;300 50 100;193325690;END | (K2M2)
KCMC;100 500 1;300 50 100;251691537;END | (K1M1)
KCMC;100 500 1;300 50 100;251721891;END | (K1M1)
KCMC;100 500 1;300 50 100;251765639;END | (K1M1)
KCMC;100 500 1;300 50 100;251858839;END | (K1M1)
KCMC;100 500 1;300 50 100;251925167;END | (K1M1)
KCMC;100 500 1;300 50 100;251989553;END | (K1M1)
KCMC;100 500 1;300 50 100;252064355;END | (K1M1)
KCMC;100 500 1;300 50 100;252074600;END | (K1M1)
KCMC;100 500 1;300 50 100;252138476;END | (K1M1)
KCMC;100 500 1;300 50 100;252224020;END | (K1M1)
KCMC;200 100 1;300 50 100;153435681;END | (K2M2)
KCMC;200 100 1;300 50 100;153496879;END | (K2M2)
KCMC;200 100 1;300 50 100;153558493;END | (K2M2)
KCMC;200 100 1;300 50 100;153628191;END | (K2M2)
KCMC;200 100 1;300 50 100;153725324;END | (K2M2)
KCMC;200 100 1;300 50 100;153731635;END | (K2M2)
KCMC;200 100 1;300 50 100;153767396;END | (K2M2)
KCMC;200 100 1;300 50 100;153864768;END | (K2M2)
KCMC;200 100 1;300 50 100;153932711;END | (K2M2)
KCMC;200 100 1;300 50 100;153953618;END | (K2M2)
KCMC;100 300 1;300 50 100;229034580;END | (K3M1)
KCMC;100 300 1;300 50 100;229130478;END | (K3M1)
KCMC;100 300 1;300 50 100;229189549;END | (K3M1)
KCMC;100 300 1;300 50 100;229236545;END | (K3M1)
KCMC;100 300 1;300 50 100;229276483;END | (K3M1)
KCMC;100 300 1;300 50 100;229373553;END | (K3M1)
KCMC;100 300 1;300 50 100;229425554;END | (K3M1)
KCMC;100 300 1;300 50 100;229484927;END | (K3M1)
KCMC;100 300 1;300 50 100;229534158;END | (K3M1)
KCMC;100 300 1;300 50 100;229610919;END | (K3M1)
KCMC;200 500 1;300 50 100;297746465;END | (K3M3)
KCMC;200 500 1;300 50 100;297843515;END | (K3M3)
KCMC;200 500 1;300 50 100;297893686;END | (K3M3)
KCMC;200 500 1;300 50 100;297911717;END | (K3M3)
KCMC;200 500 1;300 50 100;298011097;END | (K3M3)
KCMC;200 500 1;300 50 100;298035758;END | (K3M3)
KCMC;200 500 1;300 50 100;298077157;END | (K3M3)
KCMC;200 500 1;300 50 100;298166178;END | (K3M3)
KCMC;200 500 1;300 50 100;298241069;END | (K3M3)
KCMC;200 500 1;300 50 100;298241165;END | (K3M3)
KCMC;100 100 1;300 50 100;220691968;END | (K1M1)
KCMC;100 100 1;300 50 100;220782757;END | (K1M1)
KCMC;100 100 1;300 50 100;220810555;END | (K1M1)
KCMC;100 100 1;300 50 100;220908877;END | (K1M1)
KCMC;100 100 1;300 50 100;220932938;END | (K1M1)
KCMC;100 100 1;300 50 100;220933473;END | (K1M1)
KCMC;100 100 1;300 50 100;220960065;END | (K1M1)
KCMC;100 100 1;300 50 100;221008613;END | (K1M1)
KCMC;100 100 1;300 50 100;221026685;END | (K1M1)
KCMC;100 100 1;300 50 100;221099831;END | (K1M1)
KCMC;100 100 1;300 50 100;200972409;END | (K3M1)
KCMC;100 100 1;300 50 100;200985511;END | (K3M1)
KCMC;100 100 1;300 50 100;201033390;END | (K3M1)
KCMC;100 100 1;300 50 100;201069344;END | (K3M1)
KCMC;100 100 1;300 50 100;201165086;END | (K3M1)
KCMC;100 100 1;300 50 100;201209402;END | (K3M1)
KCMC;100 100 1;300 50 100;201297473;END | (K3M1)
KCMC;100 100 1;300 50 100;201353091;END | (K3M1)
KCMC;100 100 1;300 50 100;201415978;END | (K3M1)
KCMC;100 100 1;300 50 100;201434822;END | (K3M1)
KCMC;100 500 1;300 50 100;175574392;END | (K3M1)
KCMC;100 500 1;300 50 100;175672790;END | (K3M1)
KCMC;100 500 1;300 50 100;175728648;END | (K3M1)
KCMC;100 500 1;300 50 100;175804273;END | (K3M1)
KCMC;100 500 1;300 50 100;175852046;END | (K3M1)
KCMC;100 500 1;300 50 100;175858895;END | (K3M1)
KCMC;100 500 1;300 50 100;175919184;END | (K3M1)
KCMC;100 500 1;300 50 100;175995236;END | (K3M1)
KCMC;100 500 1;300 50 100;175999314;END | (K3M1)
KCMC;100 500 1;300 50 100;176036667;END | (K3M1)
KCMC;200 300 1;300 50 100;137541418;END | (K2M1)
KCMC;200 300 1;300 50 100;137604727;END | (K2M1)
KCMC;200 300 1;300 50 100;137630503;END | (K2M1)
KCMC;200 300 1;300 50 100;137681718;END | (K2M1)
KCMC;200 300 1;300 50 100;137720543;END | (K2M1)
KCMC;200 300 1;300 50 100;137736690;END | (K2M1)
KCMC;200 300 1;300 50 100;137767254;END | (K2M1)
KCMC;200 300 1;300 50 100;137824823;END | (K2M1)
KCMC;200 300 1;300 50 100;137882353;END | (K2M1)
KCMC;200 300 1;300 50 100;137948709;END | (K2M1)
KCMC;200 100 1;300 50 100;174621685;END | (K1M1)
KCMC;200 100 1;300 50 100;174640012;END | (K1M1)
KCMC;200 100 1;300 50 100;174731347;END | (K1M1)
KCMC;200 100 1;300 50 100;174820358;END | (K1M1)
KCMC;200 100 1;300 50 100;174858669;END | (K1M1)
KCMC;200 100 1;300 50 100;174889715;END | (K1M1)
KCMC;200 100 1;300 50 100;174919862;END | (K1M1)
KCMC;200 100 1;300 50 100;174940021;END | (K1M1)
KCMC;200 100 1;300 50 100;175023175;END | (K1M1)
KCMC;200 100 1;300 50 100;175027346;END | (K1M1)
KCMC;200 300 1;300 50 100;149098729;END | (K1M1)
KCMC;200 300 1;300 50 100;149178119;END | (K1M1)
KCMC;200 300 1;300 50 100;149250919;END | (K1M1)
KCMC;200 300 1;300 50 100;149267209;END | (K1M1)
KCMC;200 300 1;300 50 100;149359083;END | (K1M1)
KCMC;200 300 1;300 50 100;149420720;END | (K1M1)
KCMC;200 300 1;300 50 100;149483062;END | (K1M1)
KCMC;200 300 1;300 50 100;149565812;END | (K1M1)
KCMC;200 300 1;300 50 100;149607415;END | (K1M1)
KCMC;200 300 1;300 50 100;149657178;END | (K1M1)
KCMC;100 500 1;300 50 100;192174490;END | (K3M2)
KCMC;100 500 1;300 50 100;192243652;END | (K3M2)
KCMC;100 500 1;300 50 100;192316316;END | (K3M2)
KCMC;100 500 1;300 50 100;192325927;END | (K3M2)
KCMC;100 500 1;300 50 100;192420262;END | (K3M2)
KCMC;100 500 1;300 50 100;192472331;END | (K3M2)
KCMC;100 500 1;300 50 100;192547632;END | (K3M2)
KCMC;100 500 1;300 50 100;192612358;END | (K3M2)
KCMC;100 500 1;300 50 100;192679194;END | (K3M2)
KCMC;100 500 1;300 50 100;192710297;END | (K3M2)
KCMC;100 100 1;300 50 100;175477438;END | (K3M3)
KCMC;100 100 1;300 50 100;175546233;END | (K3M3)
KCMC;100 100 1;300 50 100;175551742;END | (K3M3)
KCMC;100 100 1;300 50 100;175602648;END | (K3M3)
KCMC;100 100 1;300 50 100;175664334;END | (K3M3)
KCMC;100 100 1;300 50 100;175671765;END | (K3M3)
KCMC;100 100 1;300 50 100;175680055;END | (K3M3)
KCMC;100 100 1;300 50 100;175737473;END | (K3M3)
KCMC;100 100 1;300 50 100;175818630;END | (K3M3)
KCMC;100 100 1;300 50 100;175897128;END | (K3M3)
KCMC;100 100 1;300 50 100;209052170;END | (K2M2)
KCMC;100 100 1;300 50 100;209092746;END | (K2M2)
KCMC;100 100 1;300 50 100;209106279;END | (K2M2)
KCMC;100 100 1;300 50 100;209158805;END | (K2M2)
KCMC;100 100 1;300 50 100;209170479;END | (K2M2)
KCMC;100 100 1;300 50 100;209257877;END | (K2M2)
KCMC;100 100 1;300 50 100;209331269;END | (K2M2)
KCMC;100 100 1;300 50 100;209364622;END | (K2M2)
KCMC;100 100 1;300 50 100;209382142;END | (K2M2)
KCMC;100 100 1;300 50 100;209399629;END | (K2M2)
